﻿[
 {
   "sessionId": 11045,
   "sessionTitle": "Boner Marrow Failure: Inherited",
   "startTime": "7:30:00 AM",
   "endTime": "9:00:00 AM",
   "sessionPerson": 181840,
   "firstName": "Blanche P.",
   "lastName": "Alter",
   "sessionStartTime": "2017-10-26T07:00Z",
   "sessionEndTime": "2017-10-27T23:00Z"
 },
 {
   "sessionId": 11045,
   "sessionTitle": "Bones Marrow Failure: Inherited",
   "startTime": "10:30:00 AM",
   "endTime": "12:00:00 PM",
   "sessionPerson": 181840,
   "firstName": "Blanche P.",
   "lastName": "Alter",
   "sessionStartTime": "2017-10-26T07:00Z",
   "sessionEndTime": "2017-10-30T23:00Z"
 },
 {
   "sessionId": 11046,
   "sessionTitle": "Bone Marrow Failure: Acquired",
   "startTime": "4:00:00 PM",
   "endTime": "5:30:00 PM",
   "sessionPerson": 198574,
   "firstName": "Adrianna",
   "lastName": "Vlachos",
   "sessionStartTime": "2017-10-28T07:00Z",
   "sessionEndTime": "2017-10-28T23:00Z"
 },
 {
   "sessionId": 11046,
   "sessionTitle": "Bone Marrow Failure: Acquired",
   "startTime": "2:45:00 PM",
   "endTime": "4:15:00 PM",
   "sessionPerson": 198574,
   "firstName": "Adrianna",
   "lastName": "Vlachos",
   "sessionStartTime": "2017-10-29T07:00Z",
   "sessionEndTime": "2017-10-29T23:00Z"
 },
 {
   "sessionId": 11047,
   "sessionTitle": "Management of Sickle Cell Disease: Present and Future",
   "startTime": "9:30:00 AM",
   "endTime": "11:00:00 AM",
   "sessionPerson": 194200,
   "firstName": "Mark",
   "lastName": "Gladwin",
   "sessionStartTime": "2017-10-26T07:00Z",
   "sessionEndTime": "2017-10-30T23:00Z"
 },
 {
   "sessionId": 11047,
   "sessionTitle": "Management of Sickle Cell Disease: Present and Future",
   "startTime": "4:00:00 PM",
   "endTime": "5:30:00 PM",
   "sessionPerson": 194200,
   "firstName": "Mark",
   "lastName": "Gladwin",
   "sessionStartTime": "2017-10-27T07:00Z",
   "sessionEndTime": "2017-10-27T23:00Z"
 },
 {
   "sessionId": 11048,
   "sessionTitle": "Practical Aspects of Acute and Chronic Pain Management in Sickle Cell Disease",
   "startTime": "9:30:00 AM",
   "endTime": "11:00:00 AM",
   "sessionPerson": 500745,
   "firstName": "Amanda M.",
   "lastName": "Brandow",
   "sessionStartTime": "2017-10-28T07:00Z",
   "sessionEndTime": "2017-10-28T23:00Z"
 },
 {
   "sessionId": 11048,
   "sessionTitle": "Practical Aspects of Acute and Chronic Pain Management in Sickle Cell Disease",
   "startTime": "2:45:00 PM",
   "endTime": "4:15:00 PM",
   "sessionPerson": 500745,
   "firstName": "Amanda M.",
   "lastName": "Brandow",
   "sessionStartTime": "2017-10-29T07:00Z",
   "sessionEndTime": "2017-10-29T23:00Z"
 },
 {
   "sessionId": 11049,
   "sessionTitle": "Emerging Issues in Clinical Care in Thalassemia",
   "startTime": "7:30:00 AM",
   "endTime": "9:00:00 AM",
   "sessionPerson": 32048,
   "firstName": "Maria Domenica",
   "lastName": "Cappellini",
   "sessionStartTime": "2017-10-26T07:00Z",
   "sessionEndTime": "2017-10-30T23:00Z"
 },
 {
   "sessionId": 11049,
   "sessionTitle": "Emerging Issues in Clinical Care in Thalassemia",
   "startTime": "7:00:00 AM",
   "endTime": "8:30:00 AM",
   "sessionPerson": 32048,
   "firstName": "Maria Domenica",
   "lastName": "Cappellini",
   "sessionStartTime": "2017-10-27T07:00Z",
   "sessionEndTime": "2017-10-27T23:00Z"
 },
 {
   "sessionId": 11050,
   "sessionTitle": "Congenital and Acquired Neutropenia",
   "startTime": "9:30:00 AM",
   "endTime": "11:00:00 AM",
   "sessionPerson": 554684,
   "firstName": "Seth",
   "lastName": "Corey",
   "sessionStartTime": "2017-10-28T07:00Z",
   "sessionEndTime": "2017-10-28T23:00Z"
 },
 {
   "sessionId": 11050,
   "sessionTitle": "Congenital and Acquired Neutropenia",
   "startTime": "7:00:00 AM",
   "endTime": "8:30:00 AM",
   "sessionPerson": 554684,
   "firstName": "Seth",
   "lastName": "Corey",
   "sessionStartTime": "2017-10-29T07:00Z",
   "sessionEndTime": "2017-10-29T23:00Z"
 },
 {
   "sessionId": 11051,
   "sessionTitle": "Therapeutic Apheresis as an Immunomodulatory Tool",
   "startTime": "7:30:00 AM",
   "endTime": "9:00:00 AM",
   "sessionPerson": 562608,
   "firstName": "Jeffrey L.",
   "lastName": "Winters",
   "sessionStartTime": "2017-10-26T07:00Z",
   "sessionEndTime": "2017-10-30T23:00Z"
 },
 {
   "sessionId": 11051,
   "sessionTitle": "Therapeutic Apheresis as an Immunomodulatory Tool",
   "startTime": "7:00:00 AM",
   "endTime": "8:30:00 AM",
   "sessionPerson": 562608,
   "firstName": "Jeffrey L.",
   "lastName": "Winters",
   "sessionStartTime": "2017-10-27T07:00Z",
   "sessionEndTime": "2017-10-27T23:00Z"
 },
 {
   "sessionId": 11052,
   "sessionTitle": "The Changing Landscape of Hemophilia Therapy",
   "startTime": "7:30:00 AM",
   "endTime": "9:00:00 AM",
   "sessionPerson": 551831,
   "firstName": "Margaret V.",
   "lastName": "Ragni",
   "sessionStartTime": "2017-10-28T07:00Z",
   "sessionEndTime": "2017-10-28T23:00Z"
 },
 {
   "sessionId": 11052,
   "sessionTitle": "The Changing Landscape of Hemophilia Therapy",
   "startTime": "10:30:00 AM",
   "endTime": "12:00:00 PM",
   "sessionPerson": 551831,
   "firstName": "Margaret V.",
   "lastName": "Ragni",
   "sessionStartTime": "2017-10-29T07:00Z",
   "sessionEndTime": "2017-10-29T23:00Z"
 },
 {
   "sessionId": 11053,
   "sessionTitle": "Controversies in Venous Thromboembolism: To Treat or Not to Treat",
   "startTime": "9:30:00 AM",
   "endTime": "11:00:00 AM",
   "sessionPerson": 532477,
   "firstName": "Marc",
   "lastName": "Carrier",
   "sessionStartTime": "2017-10-26T07:00Z",
   "sessionEndTime": "2017-10-30T23:00Z"
 },
 {
   "sessionId": 11053,
   "sessionTitle": "Controversies in Venous Thromboembolism: To Treat or Not to Treat",
   "startTime": "2:45:00 PM",
   "endTime": "4:15:00 PM",
   "sessionPerson": 532477,
   "firstName": "Marc",
   "lastName": "Carrier",
   "sessionStartTime": "2017-10-27T07:00Z",
   "sessionEndTime": "2017-10-27T23:00Z"
 },
 {
   "sessionId": 11054,
   "sessionTitle": "Common Clinical Questions in Cancer-Associated Venous Thromboembolism",
   "startTime": "9:30:00 AM",
   "endTime": "11:00:00 AM",
   "sessionPerson": 259455,
   "firstName": "Ingrid",
   "lastName": "Pabinger",
   "sessionStartTime": "2017-10-28T07:00Z",
   "sessionEndTime": "2017-10-28T23:00Z"
 },
 {
   "sessionId": 11054,
   "sessionTitle": "Common Clinical Questions in Cancer-Associated Venous Thromboembolism",
   "startTime": "2:00:00 PM",
   "endTime": "3:30:00 PM",
   "sessionPerson": 259455,
   "firstName": "Ingrid",
   "lastName": "Pabinger",
   "sessionStartTime": "2017-10-29T07:00Z",
   "sessionEndTime": "2017-10-29T23:00Z"
 },
 {
   "sessionId": 11055,
   "sessionTitle": "Common Hematologic Consults in Pregnancy",
   "startTime": "4:00:00 PM",
   "endTime": "5:30:00 PM",
   "sessionPerson": 534,
   "firstName": "Shannon Marie",
   "lastName": "Bates",
   "sessionStartTime": "2017-10-26T07:00Z",
   "sessionEndTime": "2017-10-30T23:00Z"
 },
 {
   "sessionId": 11055,
   "sessionTitle": "Common Hematologic Consults in Pregnancy",
   "startTime": "9:30:00 AM",
   "endTime": "11:00:00 AM",
   "sessionPerson": 534,
   "firstName": "Shannon Marie",
   "lastName": "Bates",
   "sessionStartTime": "2017-10-27T07:00Z",
   "sessionEndTime": "2017-10-27T23:00Z"
 },
 {
   "sessionId": 11056,
   "sessionTitle": "Thrombocytopenia in Hospitalized Patients",
   "startTime": "2:00:00 PM",
   "endTime": "3:30:00 PM",
   "sessionPerson": 170285,
   "firstName": "Lawrence",
   "lastName": "Rice",
   "sessionStartTime": "2017-10-26T07:00Z",
   "sessionEndTime": "2017-10-29T23:00Z"
 },
 {
   "sessionId": 11056,
   "sessionTitle": "Thrombocytopenia in Hospitalized Patients",
   "startTime": "10:30:00 AM",
   "endTime": "12:00:00 PM",
   "sessionPerson": 170285,
   "firstName": "Lawrence",
   "lastName": "Rice",
   "sessionStartTime": "2017-10-29T07:00Z",
   "sessionEndTime": "2017-10-29T23:00Z"
 },
 {
   "sessionId": 11057,
   "sessionTitle": "Thrombosis, Devices, and Interventions",
   "startTime": "9:30:00 AM",
   "endTime": "11:00:00 AM",
   "sessionPerson": 501625,
   "firstName": "Leslie J.",
   "lastName": "Raffini",
   "sessionStartTime": "2017-10-26T07:00Z",
   "sessionEndTime": "2017-10-30T23:00Z"
 },
 {
   "sessionId": 11057,
   "sessionTitle": "Thrombosis, Devices, and Interventions",
   "startTime": "7:30:00 AM",
   "endTime": "9:00:00 AM",
   "sessionPerson": 501625,
   "firstName": "Leslie J.",
   "lastName": "Raffini",
   "sessionStartTime": "2017-10-27T07:00Z",
   "sessionEndTime": "2017-10-27T23:00Z"
 },
 {
   "sessionId": 11058,
   "sessionTitle": "It All Starts Here: Disorders of Primary Hemostasis",
   "startTime": "7:00:00 AM",
   "endTime": "8:30:00 AM",
   "sessionPerson": 527896,
   "firstName": "Cindy",
   "lastName": "Neunert",
   "sessionStartTime": "2017-10-28T07:00Z",
   "sessionEndTime": "2017-10-28T23:00Z"
 },
 {
   "sessionId": 11058,
   "sessionTitle": "It All Starts Here: Disorders of Primary Hemostasis",
   "startTime": "2:45:00 PM",
   "endTime": "4:15:00 PM",
   "sessionPerson": 527896,
   "firstName": "Cindy",
   "lastName": "Neunert",
   "sessionStartTime": "2017-10-29T07:00Z",
   "sessionEndTime": "2017-10-29T23:00Z"
 },
 {
   "sessionId": 11059,
   "sessionTitle": "Lessons Learned From Quality Improvement Initiatives in Sickle Cell Disease",
   "startTime": "2:00:00 PM",
   "endTime": "3:30:00 PM",
   "sessionPerson": 197815,
   "firstName": "Joshua J.",
   "lastName": "Field",
   "sessionStartTime": "2017-10-26T07:00Z",
   "sessionEndTime": "2017-10-30T23:00Z"
 },
 {
   "sessionId": 11059,
   "sessionTitle": "Lessons Learned From Quality Improvement Initiatives in Sickle Cell Disease",
   "startTime": "10:30:00 AM",
   "endTime": "12:00:00 PM",
   "sessionPerson": 197815,
   "firstName": "Joshua J.",
   "lastName": "Field",
   "sessionStartTime": "2017-10-27T07:00Z",
   "sessionEndTime": "2017-10-27T23:00Z"
 },
 {
   "sessionId": 11060,
   "sessionTitle": "Emerging Pathogens from A to Zika and Their Impact on Transfusion Safety",
   "startTime": "10:30:00 AM",
   "endTime": "12:00:00 PM",
   "sessionPerson": 160562,
   "firstName": "Michael Paul",
   "lastName": "Busch",
   "sessionStartTime": "2017-10-28T07:00Z",
   "sessionEndTime": "2017-10-28T23:00Z"
 },
 {
   "sessionId": 11061,
   "sessionTitle": "A Sticky Business: New Insights Into Neutrophil Extracellular Traps (NETs) in Physiology and Disease",
   "startTime": "4:30:00 PM",
   "endTime": "6:00:00 PM",
   "sessionPerson": 566646,
   "firstName": "Mary C",
   "lastName": "Dinauer",
   "sessionStartTime": "2017-10-29T07:00Z",
   "sessionEndTime": "2017-10-29T23:00Z"
 },
 {
   "sessionId": 11062,
   "sessionTitle": "Debate: Patients With Acquired TTP in Remission Should Be Treated to Prevent Relapse",
   "startTime": "10:30:00 AM",
   "endTime": "12:00:00 PM",
   "sessionPerson": 259282,
   "firstName": "J. Evan",
   "lastName": "Sadler",
   "sessionStartTime": "2017-10-26T07:00Z",
   "sessionEndTime": "2017-10-30T23:00Z"
 },
 {
   "sessionId": 11063,
   "sessionTitle": "Getting Patients to Transplant: Myths and Reality",
   "startTime": "4:30:00 PM",
   "endTime": "6:00:00 PM",
   "sessionPerson": 213032,
   "firstName": "Krishna V.",
   "lastName": "Komanduri",
   "sessionStartTime": "2017-10-27T07:00Z",
   "sessionEndTime": "2017-10-27T23:00Z"
 },
 {
   "sessionId": 11064,
   "sessionTitle": "Novel Epigenetic Modifications in Cancer and Development",
   "startTime": "4:00:00 PM",
   "endTime": "5:30:00 PM",
   "sessionPerson": 259122,
   "firstName": "Grant A.",
   "lastName": "Challen",
   "sessionStartTime": "2017-10-28T07:00Z",
   "sessionEndTime": "2017-10-28T23:00Z"
 },
 {
   "sessionId": 11064,
   "sessionTitle": "Novel Epigenetic Modifications in Cancer and Development",
   "startTime": "9:30:00 AM",
   "endTime": "11:00:00 AM",
   "sessionPerson": 259122,
   "firstName": "Grant A.",
   "lastName": "Challen",
   "sessionStartTime": "2017-10-29T07:00Z",
   "sessionEndTime": "2017-10-29T23:00Z"
 },
 {
   "sessionId": 11065,
   "sessionTitle": "Primary Immunodeficiencies From Childhood to Adulthood",
   "startTime": "9:30:00 AM",
   "endTime": "11:00:00 AM",
   "sessionPerson": 221969,
   "firstName": "Marina",
   "lastName": "Cavazzana",
   "sessionStartTime": "2017-10-26T07:00Z",
   "sessionEndTime": "2017-10-30T23:00Z"
 },
 {
   "sessionId": 11065,
   "sessionTitle": "Primary Immunodeficiencies From Childhood to Adulthood",
   "startTime": "4:00:00 PM",
   "endTime": "5:30:00 PM",
   "sessionPerson": 221969,
   "firstName": "Marina",
   "lastName": "Cavazzana",
   "sessionStartTime": "2017-10-27T07:00Z",
   "sessionEndTime": "2017-10-27T23:00Z"
 },
 {
   "sessionId": 11066,
   "sessionTitle": "Genetic Pathways That Disrupt Hematopoietic Stem Cell Function in Inherited Bone Marrow Failure",
   "startTime": "9:30:00 AM",
   "endTime": "11:00:00 AM",
   "sessionPerson": 562540,
   "firstName": "Colin A.",
   "lastName": "Sieff",
   "sessionStartTime": "2017-10-26T07:00Z",
   "sessionEndTime": "2017-10-30T23:00Z"
 },
 {
   "sessionId": 11066,
   "sessionTitle": "Genetic Pathways That Disrupt Hematopoietic Stem Cell Function in Inherited Bone Marrow Failure",
   "startTime": "2:00:00 PM",
   "endTime": "3:30:00 PM",
   "sessionPerson": 562540,
   "firstName": "Colin A.",
   "lastName": "Sieff",
   "sessionStartTime": "2017-10-26T07:00Z",
   "sessionEndTime": "2017-10-30T23:00Z"
 },
 {
   "sessionId": 11067,
   "sessionTitle": "Next-Generation Sequencing in Routine Diagnostics: Are We There Yet?",
   "startTime": "7:30:00 AM",
   "endTime": "9:00:00 AM",
   "sessionPerson": 562541,
   "firstName": "Maria A.",
   "lastName": "Proytcheva",
   "sessionStartTime": "2017-10-26T07:00Z",
   "sessionEndTime": "2017-10-30T23:00Z"
 },
 {
   "sessionId": 11067,
   "sessionTitle": "Next-Generation Sequencing in Routine Diagnostics: Are We There Yet?",
   "startTime": "9:30:00 AM",
   "endTime": "11:00:00 AM",
   "sessionPerson": 562541,
   "firstName": "Maria A.",
   "lastName": "Proytcheva",
   "sessionStartTime": "2017-10-26T07:00Z",
   "sessionEndTime": "2017-10-30T23:00Z"
 },
 {
   "sessionId": 11068,
   "sessionTitle": "Hematopoietic Stem Cell Generation: Reprogramming and Expansion",
   "startTime": "4:00:00 PM",
   "endTime": "5:30:00 PM",
   "sessionPerson": 225270,
   "firstName": "Warren S.",
   "lastName": "Alexander",
   "sessionStartTime": "2017-10-28T07:00Z",
   "sessionEndTime": "2017-10-28T23:00Z"
 },
 {
   "sessionId": 11068,
   "sessionTitle": "Hematopoietic Stem Cell Generation: Reprogramming and Expansion",
   "startTime": "7:30:00 AM",
   "endTime": "9:00:00 AM",
   "sessionPerson": 225270,
   "firstName": "Warren S.",
   "lastName": "Alexander",
   "sessionStartTime": "2017-10-29T07:00Z",
   "sessionEndTime": "2017-10-29T23:00Z"
 },
 {
   "sessionId": 11069,
   "sessionTitle": "Impact of the Contact Pathway on Disease States: Molecular Mechanisms",
   "startTime": "7:30:00 AM",
   "endTime": "9:00:00 AM",
   "sessionPerson": 556004,
   "firstName": "Rodney M.",
   "lastName": "Camire",
   "sessionStartTime": "2017-10-26T07:00Z",
   "sessionEndTime": "2017-10-30T23:00Z"
 },
 {
   "sessionId": 11069,
   "sessionTitle": "Impact of the Contact Pathway on Disease States: Molecular Mechanisms",
   "startTime": "4:00:00 PM",
   "endTime": "5:30:00 PM",
   "sessionPerson": 556004,
   "firstName": "Rodney M.",
   "lastName": "Camire",
   "sessionStartTime": "2017-10-27T07:00Z",
   "sessionEndTime": "2017-10-27T23:00Z"
 },
 {
   "sessionId": 11070,
   "sessionTitle": "New Approaches to Understanding Microbial Immune System Interactions",
   "startTime": "4:00:00 PM",
   "endTime": "5:30:00 PM",
   "sessionPerson": 190859,
   "firstName": "Jonathan S.",
   "lastName": "Serody",
   "sessionStartTime": "2017-10-28T07:00Z",
   "sessionEndTime": "2017-10-28T23:00Z"
 },
 {
   "sessionId": 11070,
   "sessionTitle": "New Approaches to Understanding Microbial Immune System Interactions",
   "startTime": "7:30:00 AM",
   "endTime": "9:00:00 AM",
   "sessionPerson": 190859,
   "firstName": "Jonathan S.",
   "lastName": "Serody",
   "sessionStartTime": "2017-10-29T07:00Z",
   "sessionEndTime": "2017-10-29T23:00Z"
 },
 {
   "sessionId": 11071,
   "sessionTitle": "Iron Trafficking: Ins and Outs in Organelles, Organs, and Organisms",
   "startTime": "2:00:00 PM",
   "endTime": "3:30:00 PM",
   "sessionPerson": 193732,
   "firstName": "Martina",
   "lastName": "Muckenthaler",
   "sessionStartTime": "2017-10-26T07:00Z",
   "sessionEndTime": "2017-10-30T23:00Z"
 },
 {
   "sessionId": 11071,
   "sessionTitle": "Iron Trafficking: Ins and Outs in Organelles, Organs, and Organisms",
   "startTime": "9:30:00 AM",
   "endTime": "11:00:00 AM",
   "sessionPerson": 193732,
   "firstName": "Martina",
   "lastName": "Muckenthaler",
   "sessionStartTime": "2017-10-27T07:00Z",
   "sessionEndTime": "2017-10-27T23:00Z"
 },
 {
   "sessionId": 11072,
   "sessionTitle": "Advances in Cellular Immunotherapy for Lymphoid Malignancies",
   "startTime": "9:30:00 AM",
   "endTime": "11:00:00 AM",
   "sessionPerson": 501235,
   "firstName": "Adolfo A.",
   "lastName": "Ferrando",
   "sessionStartTime": "2017-10-28T07:00Z",
   "sessionEndTime": "2017-10-28T23:00Z"
 },
 {
   "sessionId": 11072,
   "sessionTitle": "Advances in Cellular Immunotherapy for Lymphoid Malignancies",
   "startTime": "2:00:00 PM",
   "endTime": "3:30:00 PM",
   "sessionPerson": 501235,
   "firstName": "Adolfo A.",
   "lastName": "Ferrando",
   "sessionStartTime": "2017-10-29T07:00Z",
   "sessionEndTime": "2017-10-29T23:00Z"
 },
 {
   "sessionId": 11073,
   "sessionTitle": "New Innovations in Platelet Regulation of Tumor Growth and Metastasis",
   "startTime": "9:30:00 AM",
   "endTime": "11:00:00 AM",
   "sessionPerson": 531606,
   "firstName": "Michael",
   "lastName": "Holinstat",
   "sessionStartTime": "2017-10-26T07:00Z",
   "sessionEndTime": "2017-10-30T23:00Z"
 },
 {
   "sessionId": 11073,
   "sessionTitle": "New Innovations in Platelet Regulation of Tumor Growth and Metastasis",
   "startTime": "9:30:00 AM",
   "endTime": "11:00:00 AM",
   "sessionPerson": 531606,
   "firstName": "Michael",
   "lastName": "Holinstat",
   "sessionStartTime": "2017-10-27T07:00Z",
   "sessionEndTime": "2017-10-27T23:00Z"
 },
 {
   "sessionId": 11074,
   "sessionTitle": "Clonal Evolution in Myeloid Malignancies",
   "startTime": "9:30:00 AM",
   "endTime": "11:30:00 AM",
   "sessionPerson": 155722,
   "firstName": "Reuben",
   "lastName": "Kapur",
   "sessionStartTime": "2017-10-28T07:00Z",
   "sessionEndTime": "2017-10-28T23:00Z"
 },
 {
   "sessionId": 11074,
   "sessionTitle": "Clonal Evolution in Myeloid Malignancies",
   "startTime": "9:30:00 AM",
   "endTime": "11:30:00 AM",
   "sessionPerson": 155722,
   "firstName": "Reuben",
   "lastName": "Kapur",
   "sessionStartTime": "2017-10-29T07:00Z",
   "sessionEndTime": "2017-10-29T23:00Z"
 },
 {
   "sessionId": 11074,
   "sessionTitle": "Clonal Evolution in Myeloid Malignancies",
   "startTime": "9:30:00 AM",
   "endTime": "11:30:00 AM",
   "sessionPerson": 156533,
   "firstName": "Lucy A.",
   "lastName": "Godley",
   "sessionStartTime": "2017-10-26T07:00Z",
   "sessionEndTime": "2017-10-30T23:00Z"
 },
 {
   "sessionId": 11074,
   "sessionTitle": "Clonal Evolution in Myeloid Malignancies",
   "startTime": "9:30:00 AM",
   "endTime": "11:30:00 AM",
   "sessionPerson": 156533,
   "firstName": "Lucy A.",
   "lastName": "Godley",
   "sessionStartTime": "2017-10-27T07:00Z",
   "sessionEndTime": "2017-10-27T23:00Z"
 },
 {
   "sessionId": 11075,
   "sessionTitle": "The Yin and Yang of Myeloma: Understanding and Harnessing Normal Plasma Cell Biology to Better Treat Myeloma",
   "startTime": "7:30:00 AM",
   "endTime": "9:00:00 AM",
   "sessionPerson": 148865,
   "firstName": "Rafael",
   "lastName": "Fonseca",
   "sessionStartTime": "2017-10-28T07:00Z",
   "sessionEndTime": "2017-10-28T23:00Z"
 },
 {
   "sessionId": 11075,
   "sessionTitle": "The Yin and Yang of Myeloma: Understanding and Harnessing Normal Plasma Cell Biology to Better Treat Myeloma",
   "startTime": "4:00:00 PM",
   "endTime": "5:30:00 PM",
   "sessionPerson": 148865,
   "firstName": "Rafael",
   "lastName": "Fonseca",
   "sessionStartTime": "2017-10-29T07:00Z",
   "sessionEndTime": "2017-10-29T23:00Z"
 },
 {
   "sessionId": 11077,
   "sessionTitle": "Presidential Symposium",
   "startTime": "9:45:00 AM",
   "endTime": "11:15:00 AM",
   "sessionPerson": 574592,
   "firstName": "Kenneth C.",
   "lastName": "Anderson",
   "sessionStartTime": "2017-10-26T07:00Z",
   "sessionEndTime": "2017-10-30T23:00Z"
 },
 {
   "sessionId": 11078,
   "sessionTitle": "ASH-EHA Joint Symposium",
   "startTime": "12:30:00 PM",
   "endTime": "1:30:00 PM",
   "sessionPerson": 574592,
   "firstName": "Kenneth C.",
   "lastName": "Anderson",
   "sessionStartTime": "2017-10-27T07:00Z",
   "sessionEndTime": "2017-10-27T23:00Z"
 },
 {
   "sessionId": 11078,
   "sessionTitle": "ASH-EHA Joint Symposium",
   "startTime": "12:30:00 PM",
   "endTime": "1:30:00 PM",
   "sessionPerson": 148939,
   "firstName": "Pieter",
   "lastName": "Sonneveld",
   "sessionStartTime": "2017-10-28T07:00Z",
   "sessionEndTime": "2017-10-28T23:00Z"
 },
 {
   "sessionId": 11081,
   "sessionTitle": "ASH Practice Partnership Lunch",
   "startTime": "11:15:00 AM",
   "endTime": "12:30:00 PM",
   "sessionPerson": 206,
   "firstName": "Joseph",
   "lastName": "Alvarnas",
   "sessionStartTime": "2017-10-29T07:00Z",
   "sessionEndTime": "2017-10-29T23:00Z"
 },
 {
   "sessionId": 11083,
   "sessionTitle": "Special Symposium on Quality",
   "startTime": "2:00:00 PM",
   "endTime": "3:30:00 PM",
   "sessionPerson": 562542,
   "firstName": "Colleen",
   "lastName": "Morton",
   "sessionStartTime": "2017-10-26T07:00Z",
   "sessionEndTime": "2017-10-30T23:00Z"
 },
 {
   "sessionId": 11083,
   "sessionTitle": "Special Symposium on Quality",
   "startTime": "2:00:00 PM",
   "endTime": "3:30:00 PM",
   "sessionPerson": 212370,
   "firstName": "William A.",
   "lastName": "Wood",
   "sessionStartTime": "2017-10-27T07:00Z",
   "sessionEndTime": "2017-10-27T23:00Z"
 },
 {
   "sessionId": 11084,
   "sessionTitle": "ASH Choosing Wisely® Campaign: 2017 ASH Choosing Wisely Champions",
   "startTime": "12:15:00 PM",
   "endTime": "1:15:00 PM",
   "sessionPerson": 228952,
   "firstName": "Lisa K.",
   "lastName": "Hicks",
   "sessionStartTime": "2017-10-28T07:00Z",
   "sessionEndTime": "2017-10-28T23:00Z"
 },
 {
   "sessionId": 11085,
   "sessionTitle": "Special Education Session on New Bone ASH Clinical Practice Guidelines on Venous Thromboembolism",
   "startTime": "7:30:00 AM",
   "endTime": "9:00:00 AM",
   "sessionPerson": 533488,
   "firstName": "Adam",
   "lastName": "Cuker",
   "sessionStartTime": "2017-10-26T07:00Z",
   "sessionEndTime": "2017-10-30T23:00Z"
 },
 {
   "sessionId": 11085,
   "sessionTitle": "Special Education Session on New ASH Clinical Practice Guidelines on Venous Thromboembolism",
   "startTime": "7:30:00 AM",
   "endTime": "9:00:00 AM",
   "sessionPerson": 562543,
   "firstName": "Holger",
   "lastName": "Schünemann",
   "sessionStartTime": "2017-10-26T07:00Z",
   "sessionEndTime": "2017-10-30T23:00Z"
 },
 {
   "sessionId": 11086,
   "sessionTitle": "Quality Conversations on Social Media: Achieving Credibility and Efficiency Together",
   "startTime": "11:15:00 AM",
   "endTime": "12:15:00 PM",
   "sessionPerson": 8764,
   "firstName": "Joseph R.",
   "lastName": "Mikhael",
   "sessionStartTime": "2017-10-27T07:00Z",
   "sessionEndTime": "2017-10-27T23:00Z"
 },
 {
   "sessionId": 11087,
   "sessionTitle": "AML MATTERS: A Multidisciplinary Approach To Testing and Diagnosis, Evaluation of Risk, and Personalized Treatment Selection",
   "startTime": "4:00:00 PM",
   "endTime": "5:30:00 PM",
   "sessionPerson": 565783,
   "firstName": "Jessica K.",
   "lastName": "Altman",
   "sessionStartTime": "2017-10-28T07:00Z",
   "sessionEndTime": "2017-10-28T23:00Z"
 },
 {
   "sessionId": 11088,
   "sessionTitle": "Global Hematology Symposium",
   "startTime": "12:15:00 PM",
   "endTime": "1:15:00 PM",
   "sessionPerson": 501004,
   "firstName": "Leslie",
   "lastName": "Kean",
   "sessionStartTime": "2017-10-29T07:00Z",
   "sessionEndTime": "2017-10-29T23:00Z"
 },
 {
   "sessionId": 11088,
   "sessionTitle": "Global Hematology Symposium",
   "startTime": "12:15:00 PM",
   "endTime": "1:15:00 PM",
   "sessionPerson": 601296,
   "firstName": "Kwaku",
   "lastName": "Ohene-Frempong",
   "sessionStartTime": "2017-10-26T07:00Z",
   "sessionEndTime": "2017-10-30T23:00Z"
 },
 {
   "sessionId": 11089,
   "sessionTitle": "Blood and Beyond: The Art of Perception",
   "startTime": "4:30:00 PM",
   "endTime": "6:00:00 PM",
   "sessionPerson": 199045,
   "firstName": "Bob",
   "lastName": "Löwenberg",
   "sessionStartTime": "2017-10-27T07:00Z",
   "sessionEndTime": "2017-10-27T23:00Z"
 },
 {
   "sessionId": 11090,
   "sessionTitle": "When Graft Versus Tumor Fails: The Biology and Treatment of Relapse After Allogeneic Stem Cell Transplantation",
   "startTime": "7:00:00 AM",
   "endTime": "8:30:00 AM",
   "sessionPerson": 161247,
   "firstName": "Mohamad",
   "lastName": "Mohty",
   "sessionStartTime": "2017-10-28T07:00Z",
   "sessionEndTime": "2017-10-28T23:00Z"
 },
 {
   "sessionId": 11090,
   "sessionTitle": "When Graft Versus Tumor Fails: The Biology and Treatment of Relapse After Allogeneic Stem Cell Transplantation",
   "startTime": "2:45:00 PM",
   "endTime": "4:15:00 PM",
   "sessionPerson": 161247,
   "firstName": "Mohamad",
   "lastName": "Mohty",
   "sessionStartTime": "2017-10-29T07:00Z",
   "sessionEndTime": "2017-10-29T23:00Z"
 },
 {
   "sessionId": 11091,
   "sessionTitle": "Dilemmas in Pediatric Hematologic Malignancy",
   "startTime": "7:30:00 AM",
   "endTime": "9:00:00 AM",
   "sessionPerson": 562478,
   "firstName": "Lewis B.",
   "lastName": "Silverman",
   "sessionStartTime": "2017-10-26T07:00Z",
   "sessionEndTime": "2017-10-30T23:00Z"
 },
 {
   "sessionId": 11091,
   "sessionTitle": "Dilemmas in Pediatric Hematologic Malignancy",
   "startTime": "7:00:00 AM",
   "endTime": "8:30:00 AM",
   "sessionPerson": 562478,
   "firstName": "Lewis B.",
   "lastName": "Silverman",
   "sessionStartTime": "2017-10-27T07:00Z",
   "sessionEndTime": "2017-10-27T23:00Z"
 },
 {
   "sessionId": 11092,
   "sessionTitle": "Novel Therapeutics in Myeloma",
   "startTime": "9:30:00 AM",
   "endTime": "11:00:00 AM",
   "sessionPerson": 561939,
   "firstName": "Maria-Victoria",
   "lastName": "Mateos",
   "sessionStartTime": "2017-10-28T07:00Z",
   "sessionEndTime": "2017-10-28T23:00Z"
 },
 {
   "sessionId": 11092,
   "sessionTitle": "Novel Therapeutics in Myeloma",
   "startTime": "2:45:00 PM",
   "endTime": "4:15:00 PM",
   "sessionPerson": 561939,
   "firstName": "Maria-Victoria",
   "lastName": "Mateos",
   "sessionStartTime": "2017-10-29T07:00Z",
   "sessionEndTime": "2017-10-29T23:00Z"
 },
 {
   "sessionId": 11093,
   "sessionTitle": "Controversies in Myeloma",
   "startTime": "2:00:00 PM",
   "endTime": "3:30:00 PM",
   "sessionPerson": 574399,
   "firstName": "Ola",
   "lastName": "Landgren",
   "sessionStartTime": "2017-10-26T07:00Z",
   "sessionEndTime": "2017-10-30T23:00Z"
 },
 {
   "sessionId": 11093,
   "sessionTitle": "Controversies in Myeloma",
   "startTime": "10:30:00 AM",
   "endTime": "12:00:00 PM",
   "sessionPerson": 574399,
   "firstName": "Ola",
   "lastName": "Landgren",
   "sessionStartTime": "2017-10-27T07:00Z",
   "sessionEndTime": "2017-10-27T23:00Z"
 },
 {
   "sessionId": 11094,
   "sessionTitle": "Myelodysplastic Syndromes: Understanding the Current Treatment Landscape",
   "startTime": "2:00:00 PM",
   "endTime": "3:30:00 PM",
   "sessionPerson": 259407,
   "firstName": "Olatoyosi",
   "lastName": "Odenike",
   "sessionStartTime": "2017-10-28T07:00Z",
   "sessionEndTime": "2017-10-28T23:00Z"
 },
 {
   "sessionId": 11094,
   "sessionTitle": "Myelodysplastic Syndromes: Understanding the Current Treatment Landscape",
   "startTime": "10:30:00 AM",
   "endTime": "12:00:00 PM",
   "sessionPerson": 259407,
   "firstName": "Olatoyosi",
   "lastName": "Odenike",
   "sessionStartTime": "2017-10-29T07:00Z",
   "sessionEndTime": "2017-10-29T23:00Z"
 },
 {
   "sessionId": 11095,
   "sessionTitle": "Myeloproliferative Neoplasms: New Insights in the Current Treatment Paradigm",
   "startTime": "4:30:00 PM",
   "endTime": "6:00:00 PM",
   "sessionPerson": 221542,
   "firstName": "Alessandro M.",
   "lastName": "Vannucchi",
   "sessionStartTime": "2017-10-26T07:00Z",
   "sessionEndTime": "2017-10-30T23:00Z"
 },
 {
   "sessionId": 11095,
   "sessionTitle": "Myeloproliferative Neoplasms: New Insights in the Current Treatment Paradigm",
   "startTime": "2:45:00 PM",
   "endTime": "4:15:00 PM",
   "sessionPerson": 221542,
   "firstName": "Alessandro M.",
   "lastName": "Vannucchi",
   "sessionStartTime": "2017-10-27T07:00Z",
   "sessionEndTime": "2017-10-27T23:00Z"
 },
 {
   "sessionId": 11096,
   "sessionTitle": "Chronic Myeloid Leukemia: Where Are We in the Current TKI Era?",
   "startTime": "7:30:00 AM",
   "endTime": "9:00:00 AM",
   "sessionPerson": 561820,
   "firstName": "Francois-Xavier",
   "lastName": "Mahon",
   "sessionStartTime": "2017-10-28T07:00Z",
   "sessionEndTime": "2017-10-28T23:00Z"
 },
 {
   "sessionId": 11096,
   "sessionTitle": "Chronic Myeloid Leukemia: Where Are We in the Current TKI Era?",
   "startTime": "2:00:00 PM",
   "endTime": "3:30:00 PM",
   "sessionPerson": 561820,
   "firstName": "Francois-Xavier",
   "lastName": "Mahon",
   "sessionStartTime": "2017-10-29T07:00Z",
   "sessionEndTime": "2017-10-29T23:00Z"
 },
 {
   "sessionId": 11097,
   "sessionTitle": "Acute Lymphocytic Leukemia: New Approaches in Management",
   "startTime": "2:00:00 PM",
   "endTime": "3:30:00 PM",
   "sessionPerson": 575290,
   "firstName": "Wendy",
   "lastName": "Stock",
   "sessionStartTime": "2017-10-26T07:00Z",
   "sessionEndTime": "2017-10-30T23:00Z"
 },
 {
   "sessionId": 11097,
   "sessionTitle": "Acute Lymphocytic Leukemia: New Approaches in Management",
   "startTime": "10:30:00 AM",
   "endTime": "12:00:00 PM",
   "sessionPerson": 575290,
   "firstName": "Wendy",
   "lastName": "Stock",
   "sessionStartTime": "2017-10-27T07:00Z",
   "sessionEndTime": "2017-10-27T23:00Z"
 },
 {
   "sessionId": 11098,
   "sessionTitle": "Acute Myeloid Leukemia: How Can We Improve Upon “Standard” Therapy?",
   "startTime": "7:30:00 AM",
   "endTime": "9:00:00 AM",
   "sessionPerson": 198350,
   "firstName": "Selina M.",
   "lastName": "Luger",
   "sessionStartTime": "2017-10-28T07:00Z",
   "sessionEndTime": "2017-10-28T23:00Z"
 },
 {
   "sessionId": 11098,
   "sessionTitle": "Acute Myeloid Leukemia: How Can We Improve Upon “Standard” Therapy?",
   "startTime": "7:00:00 AM",
   "endTime": "8:30:00 AM",
   "sessionPerson": 198350,
   "firstName": "Selina M.",
   "lastName": "Luger",
   "sessionStartTime": "2017-10-29T07:00Z",
   "sessionEndTime": "2017-10-29T23:00Z"
 },
 {
   "sessionId": 11099,
   "sessionTitle": "Individualizing Therapy in Chronic Lymphocytic Leukemia",
   "startTime": "7:30:00 AM",
   "endTime": "9:00:00 AM",
   "sessionPerson": 561667,
   "firstName": "Matthew S.",
   "lastName": "Davids",
   "sessionStartTime": "2017-10-26T07:00Z",
   "sessionEndTime": "2017-10-30T23:00Z"
 },
 {
   "sessionId": 11099,
   "sessionTitle": "Individualizing Therapy in Chronic Lymphocytic Leukemia",
   "startTime": "7:00:00 AM",
   "endTime": "8:30:00 AM",
   "sessionPerson": 561667,
   "firstName": "Matthew S.",
   "lastName": "Davids",
   "sessionStartTime": "2017-10-27T07:00Z",
   "sessionEndTime": "2017-10-27T23:00Z"
 },
 {
   "sessionId": 11100,
   "sessionTitle": "The Challenge of Primary and Secondary Central Nervous System Lymphoma",
   "startTime": "4:30:00 PM",
   "endTime": "6:00:00 PM",
   "sessionPerson": 260007,
   "firstName": "James L.",
   "lastName": "Rubenstein",
   "sessionStartTime": "2017-10-28T07:00Z",
   "sessionEndTime": "2017-10-28T23:00Z"
 },
 {
   "sessionId": 11100,
   "sessionTitle": "The Challenge of Primary and Secondary Central Nervous System Lymphoma",
   "startTime": "10:30:00 AM",
   "endTime": "12:00:00 PM",
   "sessionPerson": 260007,
   "firstName": "James L.",
   "lastName": "Rubenstein",
   "sessionStartTime": "2017-10-29T07:00Z",
   "sessionEndTime": "2017-10-29T23:00Z"
 },
 {
   "sessionId": 11101,
   "sessionTitle": "The Expanding Role of Immunotherapy in Non-Hodgkin Lymphoma",
   "startTime": "7:30:00 AM",
   "endTime": "9:00:00 AM",
   "sessionPerson": 260008,
   "firstName": "Stephen M.",
   "lastName": "Ansell",
   "sessionStartTime": "2017-10-26T07:00Z",
   "sessionEndTime": "2017-10-30T23:00Z"
 },
 {
   "sessionId": 11101,
   "sessionTitle": "The Expanding Role of Immunotherapy in Non-Hodgkin Lymphoma",
   "startTime": "9:30:00 AM",
   "endTime": "11:00:00 AM",
   "sessionPerson": 260008,
   "firstName": "Stephen M.",
   "lastName": "Ansell",
   "sessionStartTime": "2017-10-27T07:00Z",
   "sessionEndTime": "2017-10-27T23:00Z"
 },
 {
   "sessionId": 11102,
   "sessionTitle": "Evolving Strategies in Aggressive B-Cell Bone Lymphoma",
   "startTime": "7:30:00 AM",
   "endTime": "9:00:00 AM",
   "sessionPerson": 196488,
   "firstName": "Kieron",
   "lastName": "Dunleavy",
   "sessionStartTime": "2017-10-26T07:00Z",
   "sessionEndTime": "2017-10-27T23:00Z"
 },
 {
   "sessionId": 11102,
   "sessionTitle": "Evolving Strategies in Aggressive B-Cell Bone Lymphoma",
   "startTime": "2:45:00 PM",
   "endTime": "4:15:00 PM",
   "sessionPerson": 196488,
   "firstName": "Kieron",
   "lastName": "Dunleavy",
   "sessionStartTime": "2017-10-26T07:00Z",
   "sessionEndTime": "2017-10-27T23:00Z"
 },
 {
   "sessionId": 11103,
   "sessionTitle": "Hodgkin Lymphoma: New Insights and New Approaches",
   "startTime": "7:30:00 AM",
   "endTime": "9:00:00 AM",
   "sessionPerson": 536769,
   "firstName": "Nancy L.",
   "lastName": "Bartlett",
   "sessionStartTime": "2017-10-26T07:00Z",
   "sessionEndTime": "2017-10-30T23:00Z"
 },
 {
   "sessionId": 11103,
   "sessionTitle": "Hodgkin Lymphoma: New Insights and New Approaches",
   "startTime": "10:30:00 AM",
   "endTime": "12:00:00 PM",
   "sessionPerson": 536769,
   "firstName": "Nancy L.",
   "lastName": "Bartlett",
   "sessionStartTime": "2017-10-27T07:00Z",
   "sessionEndTime": "2017-10-27T23:00Z"
 },
 {
   "sessionId": 11104,
   "sessionTitle": "Indolent Lymphoma: How Understanding Disease Biology Is Influencing Clinical Decision-Making",
   "startTime": "4:00:00 PM",
   "endTime": "5:30:00 PM",
   "sessionPerson": 537512,
   "firstName": "Brad S.",
   "lastName": "Kahl",
   "sessionStartTime": "2017-10-28T07:00Z",
   "sessionEndTime": "2017-10-28T23:00Z"
 },
 {
   "sessionId": 11104,
   "sessionTitle": "Indolent Lymphoma: How Understanding Disease Biology Is Influencing Clinical Decision-Making",
   "startTime": "9:30:00 AM",
   "endTime": "11:00:00 AM",
   "sessionPerson": 537512,
   "firstName": "Brad S.",
   "lastName": "Kahl",
   "sessionStartTime": "2017-10-29T07:00Z",
   "sessionEndTime": "2017-10-29T23:00Z"
 },
 {
   "sessionId": 11105,
   "sessionTitle": "Identification and Management of Toxicities Induced by Immunotherapies",
   "startTime": "2:45:00 PM",
   "endTime": "4:15:00 PM",
   "sessionPerson": 547329,
   "firstName": "Helen E.",
   "lastName": "Heslop",
   "sessionStartTime": "2017-10-26T07:00Z",
   "sessionEndTime": "2017-10-30T23:00Z"
 },
 {
   "sessionId": 11106,
   "sessionTitle": "Editing and Enhancing Bones Erythropoiesis",
   "startTime": "9:30:00 AM",
   "endTime": "11:00:00 AM",
   "sessionPerson": 562272,
   "firstName": "Merav",
   "lastName": "Socolovsky",
   "sessionStartTime": "2017-10-26T07:00Z",
   "sessionEndTime": "2017-10-27T23:00Z"
 }
]